pagina,cifra,contexto,tema,verificabilidad,indicador_real,fuente_real,notas
22,94 %,"al servicio de las redes criminales. Por esta, entre otras razones, la impunidad de la corrupción se mantiene in- cólume prolongándose en el tiempo. En 2024, alcanzó una tasa del 94 %. De 32 departamentos, 20 tienen un porcentaje de impunidad superior al 95 % y 12 están entre el 90 % y el 94,9 %. A su turno, Bogotá tiene un 88 % de impunidad. Así, la macrocorru",General / otro,,,,
22,95 %,"nidad de la corrupción se mantiene in- cólume prolongándose en el tiempo. En 2024, alcanzó una tasa del 94 %. De 32 departamentos, 20 tienen un porcentaje de impunidad superior al 95 % y 12 están entre el 90 % y el 94,9 %. A su turno, Bogotá tiene un 88 % de impunidad. Así, la macrocorrupción inflige un daño estructural al país: deslegitima y ero- siona la democ",General / otro,,,,
22,90 %,"mantiene in- cólume prolongándose en el tiempo. En 2024, alcanzó una tasa del 94 %. De 32 departamentos, 20 tienen un porcentaje de impunidad superior al 95 % y 12 están entre el 90 % y el 94,9 %. A su turno, Bogotá tiene un 88 % de impunidad. Así, la macrocorrupción inflige un daño estructural al país: deslegitima y ero- siona la democracia; quiebra las reglas",General / otro,,,,
22,"94,9 %","in- cólume prolongándose en el tiempo. En 2024, alcanzó una tasa del 94 %. De 32 departamentos, 20 tienen un porcentaje de impunidad superior al 95 % y 12 están entre el 90 % y el 94,9 %. A su turno, Bogotá tiene un 88 % de impunidad. Así, la macrocorrupción inflige un daño estructural al país: deslegitima y ero- siona la democracia; quiebra las reglas de la compe",General / otro,,,,
22,88 %,"o. En 2024, alcanzó una tasa del 94 %. De 32 departamentos, 20 tienen un porcentaje de impunidad superior al 95 % y 12 están entre el 90 % y el 94,9 %. A su turno, Bogotá tiene un 88 % de impunidad. Así, la macrocorrupción inflige un daño estructural al país: deslegitima y ero- siona la democracia; quiebra las reglas de la competencia económica al fa- vorecer a",General / otro,,,,
42,23 %,"cantidad de conflictos, sino la forma en que se resuelven. En las últimas cuatro décadas, el porcentaje de guerras finalizadas mediante acuerdos de paz cayó dramáticamente: de un 23 % a apenas un 4 %. Es una señal clara del debilitamiento de los mecanismos de diálogo, diplomacia y negociación internacional. Estamos entrando, sin duda, en una etapa marcada por d",Paz / seguridad,,,,
42,4 %,"lictos, sino la forma en que se resuelven. En las últimas cuatro décadas, el porcentaje de guerras finalizadas mediante acuerdos de paz cayó dramáticamente: de un 23 % a apenas un 4 %. Es una señal clara del debilitamiento de los mecanismos de diálogo, diplomacia y negociación internacional. Estamos entrando, sin duda, en una etapa marcada por dinámicas peligro",Paz / seguridad,,,,
45,80 billones de pesos,"s grupos armados ilegales. Muchas lideresas y líderes sociales se han sacrificado por oponerse a la imposición de la economía del narcotráfi- co. En 20 años hemos gastado cerca de 80 billones de pesos en ese propósi- to. Nuestro país lo ha dado todo por liberarse de ese mal. No obstante, esa abnegación ha sido infructuosa. Llevamos mal contadas seis generaciones de narcotrafica",Paz / seguridad,,,,
62,360.000 personas,". Barranquilla que es una ciudad tan pujante, tan llena de imaginación con una gente que es fuente de nuestro mayor orgullo, no merece tener cinturones de miseria, no merece tener 360.000 personas que viven en la indigencia y en la miseria. Y por eso el día de mañana haremos una propuesta clara contra la po- breza, contra la desigualdad y contra el sentimiento de aversión,",Pobreza / inclusion,,,,
67,2030 Millones de,"2026-2030 Millones de personas en Colombia están siendo condenadas a sobrevivir sin lo mínimo para vivir con dignidad. Más de 17 millones de personas viven bajo la línea de la pobreza monetaria, con ing",Pobreza / inclusion,,,,
67,17 millones de,"2026-2030 Millones de personas en Colombia están siendo condenadas a sobrevivir sin lo mínimo para vivir con dignidad. Más de 17 millones de personas viven bajo la línea de la pobreza monetaria, con ingresos que no alcanzan para cubrir siquiera la canasta básica. Y aún más grave, casi 7 millones de personas se encuentra",Pobreza / inclusion,,,,
67,7 millones de,"on dignidad. Más de 17 millones de personas viven bajo la línea de la pobreza monetaria, con ingresos que no alcanzan para cubrir siquiera la canasta básica. Y aún más grave, casi 7 millones de personas se encuentran en situación de pobreza extrema, lo que quiere decir que no tienen medios mínimos para ali- mentarse, acceder a agua potable, atención médica o un techo dign",Medio ambiente,,,,
67,29%,"o puede seguir siendo el clima natural de nuestras ciudades. Aunque entre el 2020 y el 2023, es decir, parte de este gobierno, el país logró reducir la pobreza monetaria del 42 al 29%, lo que demuestra que con volun- tad política se puede cambiar esas realidades, no podemos ignorar que en ciudades como Barranquilla más de 360.000 personas siguen atrapadas en es",Medio ambiente,,,,
67,360.000 personas,"ucir la pobreza monetaria del 42 al 29%, lo que demuestra que con volun- tad política se puede cambiar esas realidades, no podemos ignorar que en ciudades como Barranquilla más de 360.000 personas siguen atrapadas en esa sequía permanente. Y no, no podemos resignarnos a que en Barranquilla siga existiendo la pobreza. *** La pobreza no es solo una falta de ingresos, es una s",Pobreza / inclusion,,,,
78,24 %,"l papa Francisco entre otros, la irrupción de la Tercera Guerra Mundial en el planeta. Eso ante nuestros ojos. Hay 61 conflictos armados en curso actualmente en todo el mundo y de 24 % de los conflictos que se resolvían mediante la vía del diálogo, hemos pasado a 4 % en cuestión de unas décadas. Es decir, hay una crisis mundial del diálo- go como forma de resolv",Paz / seguridad,,,,
78,4 %,"a. Eso ante nuestros ojos. Hay 61 conflictos armados en curso actualmente en todo el mundo y de 24 % de los conflictos que se resolvían mediante la vía del diálogo, hemos pasado a 4 % en cuestión de unas décadas. Es decir, hay una crisis mundial del diálo- go como forma de resolver los conflictos armados. | 76 |",Paz / seguridad,,,,
79,17 millones de,"des más desiguales del pla- neta. Seguimos siendo, a pesar de los cambios que ha producido nuestro gobierno que son significativos, una sociedad eminentemente desigual, en el cual 17 millones de personas viven por debajo de la línea de la pobreza monetaria. Esto significa que necesitamos ir más allá de una política de subsidios. No basta con entregar renta básica, no basta",Pobreza / inclusion,,,,
86,110.121 personas,"y satisfacción de los derechos a la verdad y la justicia, del gran universo de víctimas que hay en Colombia, y que al día de hoy según el Registro Único de Víctimas asciende a 10’110.121 personas. En este sentido, debemos fortalecer un concepto de reparación que va más allá de la reparación administrativa e indemnizatoria de carácter individual. Las reparaciones, especialm",General / otro,,,,
92,6 millones de,"quisición de tierras, pero el gobierno de Andrés Pastrana volvió a frenar el proceso. Luego, bajo los dos gobiernos de Álvaro Uribe Vélez se intentó legalizar el despojo de más de 6 millones de hectáreas arrebatadas al campesinado por los paramilitares y la parapolítica a través de masacres, desapariciones y desplazamientos forzados. Esa tierra fue luego vendida mediante",Reforma agraria / tierra,,,,
93,10 millones de,"o y del gobierno del Pacto Histórico en mi gobierno. *** Estos procesos de concentración de tierra han sido a costa de crímenes de lesa humanidad contra el campesinado. Hoy de los 10 millones de víctimas que están en el Registro Único Nacional, de cada 10 víctimas en Colombia, 6 son de origen campesino. Las mujeres han sufrido la peor parte de esa violen- cia, pero también",Reforma agraria / tierra,,,,
93,10%,"han impedido que los campesinos pescadores siembren y pesquen para subsistir. Como sabemos, eso ha llevado a una estructura del mundo rural monstruosa- mente desigual: mientras el 10% de los más ricos sigue poseyendo el 81% de las tierras cultivables, el 90% de los propietarios solo tienen para su aprove- chamiento el 19% de la superficie rural. Debemos acabar",Reforma agraria / tierra,,,,
93,81%,"es siembren y pesquen para subsistir. Como sabemos, eso ha llevado a una estructura del mundo rural monstruosa- mente desigual: mientras el 10% de los más ricos sigue poseyendo el 81% de las tierras cultivables, el 90% de los propietarios solo tienen para su aprove- chamiento el 19% de la superficie rural. Debemos acabar con esa desigualdad vergonzosa. Esta es",Reforma agraria / tierra,,,,
93,90%,"r. Como sabemos, eso ha llevado a una estructura del mundo rural monstruosa- mente desigual: mientras el 10% de los más ricos sigue poseyendo el 81% de las tierras cultivables, el 90% de los propietarios solo tienen para su aprove- chamiento el 19% de la superficie rural. Debemos acabar con esa desigualdad vergonzosa. Esta es una de las mayores causas de la pob",Reforma agraria / tierra,,,,
93,19%,"monstruosa- mente desigual: mientras el 10% de los más ricos sigue poseyendo el 81% de las tierras cultivables, el 90% de los propietarios solo tienen para su aprove- chamiento el 19% de la superficie rural. Debemos acabar con esa desigualdad vergonzosa. Esta es una de las mayores causas de la pobreza y de la desigualdad en el campo y en las zonas urbanas perif",Reforma agraria / tierra,,,,
116,42 municipios,"PROGRAMA DE GOBIERNO DE IVÁN CEPEDA CASTRO acuerdo entre el Gobierno nacional, gobierno departamental, municipios y comunidades. Por primera vez, 42 municipios del Cauca están unidos en una agenda común de desarrollo, agrupados en 7 subregiones estratégicas. Este pacto prioriza la inversión social, el acceso al agua, vivienda, salud, edu",Salud,,,,
116,27.6 billones de pesos,"del Pacto Territorial del Cau- ca. Ese no es un documento burocrático, es un mandato del pueblo caucano. Hablamos de 205 proyectos estratégicos, con una inversión, óigase bien, de 27.6 billones de pesos. Cada peso de esa suma debe traducirse en agua limpia, caminos rurales, hospitales, escuelas, energías limpias y proyectos producti- vos para las comunidades. Esos recursos no pue",Salud,,,,
116,30.000 km,"ia, ingeniería y trabajo colectivo a los rincones olvidados del país. Sabemos que cuando llega una carretera, llega la esperanza, llega el Estado y puede llegar la paz. Con más de 30.000 km que necesitamos construir de caminos rurales, el campesinado y los pueblos que habitan los territorios del campo podrán sacar los frutos de su cosecha sin perder dinero y recursos",Empleo / trabajo,,,,
121,5 millones de,"ha pagado con la vida de cientos de sus servidores públicos el enfrentamiento con las mafias y los carteles de las drogas ilícitas. En cambio, en Estados Unidos hay un mercado de 5 millones de consumido- res de cocaína, fentanilo y otras drogas ilícitas. Le preguntamos desde aquí al presidente Donald Trump, ¿qué está haciendo él en la lucha contra el narcotrá- fico? ¿Con",General / otro,,,,
122,10 millones de,". No podemos seguir permitiendo los crímenes de lesa humanidad, el genocidio, el desplazamiento, las masacres, los asesinatos de líderes sociales. Debemos elevar las víctimas, los 10 millones de víctimas como referente mo- ral de la vida, la verdad y la justicia y gobernaré para las víctimas también co- mo una población central de mi gobierno y de su programa. Habrá repara",General / otro,,,,
127,5 millones de,"es un líder nacional e inter- nacional de la dignidad de los pueblos. Narcotraficantes son aquellos que hay en Estados Unidos y que tienen infes- tado a ese país de un mercado de 5 millones de consumidores de cocaína, que no decrece y que nadie descertifica, además, porque aquí las certificacio- nes son unilaterales. Entonces, si vamos a sacar cuentas, quien es un luchad",General / otro,,,,
151,2 millones,"esencialmente democrática, que no le teme a la democra- cia y que se ha medido en las urnas con los ciudadanos y ciudadanas. Lo primero, por supuesto, es agradecerle a las más de 2 millones, ciudadanas y ciudadanos, que han depositado su confianza y me han entregado este mandato como ya candidato del Pacto Histórico al próximo momento de este proceso. Deseo agradecer",General / otro,,,,
190,200 familias,"jefe paramilitar. En marzo de 2024, el presidente Gustavo Petro entregó, en esta misma plaza, 1.414 hectáreas de tierra adquiridas al empresario Carlos Cavalier. Desde en- tonces, 200 familias víctimas de la violencia, algunas de ellas descendientes de Felicita Campos, trabajan estas tierras, las cultivan y producen alimentos. Las fincas Simba y Potosí, que suman 2.000",Reforma agraria / tierra,,,,
191,"2,8 millones de","rque es necesario mostrar que sí se puede gobernar pensando en el pueblo: En estos tres años y medio, Colombia ha experimentado una transformación social sin precedentes. • Más de 2,8 millones de personas salieron de la pobreza monetaria y 420 mil superaron la pobreza extrema. La desigualdad también se redujo de manera histórica. • Ha aumentado 37% el salario mínimo y se cr",Pobreza / inclusion,,,,
191,37%,"es. • Más de 2,8 millones de personas salieron de la pobreza monetaria y 420 mil superaron la pobreza extrema. La desigualdad también se redujo de manera histórica. • Ha aumentado 37% el salario mínimo y se crearon más de 2,5 millones de empleos. • Se duplicó el subsidio a adultos mayores, beneficiando a 1’100.000 perso- nas a través del programa Colombia Mayor",Empleo / trabajo,,,,
191,"2,5 millones de","eron de la pobreza monetaria y 420 mil superaron la pobreza extrema. La desigualdad también se redujo de manera histórica. • Ha aumentado 37% el salario mínimo y se crearon más de 2,5 millones de empleos. • Se duplicó el subsidio a adultos mayores, beneficiando a 1’100.000 perso- nas a través del programa Colombia Mayor. • Este gobierno ha tenido una conquista histórica. Si",Empleo / trabajo,,,,
192,"1,8 millones de","y terratenien- tes que habían sido sus socios electorales. Eso nunca más vamos a per- mitir que pase. Los recursos de los campesinos son para los campesinos. • Se han formalizado 1,8 millones de hectáreas. Se han creado 17 Zonas de Reserva Campesina y se han reconocido los primeros Territorios Campesi- nos Agroalimentarios, TECAM. • Nuestro gobierno ha activado los 610 Com",Empleo / trabajo,,,,
200,80 %,"bia es un país rico en agua, tiene mares, caudalosos ríos, lagos, lagunas, pero millones de personas viven sin acceso a agua potable. Eso es inadmisible. Óigase bien este dato: el 80 % de los municipios del país tienen algún tipo de dificultad con la calidad del agua para consumo humano. En muchas regiones rurales, el agua que se bebe es la misma que se usa para",Reforma agraria / tierra,,,,
219,23%,"2026-2030 Uno muy reciente, un logro histórico y profundamente humano: el aumento del salario mínimo en un 23% que hoy podemos llamar con justicia salario vital. Durante décadas nos han dijeron que mejorar los ingresos de quienes tra- bajan era imposible, que eso condenaría al país al cola",General / otro,,,,
219,"3,6%","remos si quieren quitarle a la gente sus derechos. Un segundo logro: hoy podemos decirlo y demostrarlo, las cifras están ahí a la mano: la economía colombiana está creciendo en un 3,6%, la inflación se ha reducido en 5,3%, un índice no visto desde hace tiempo y la tasa de des- empleo disminuyó 8,2%, una de las más bajas en la historia reciente del país. Esto sen",Empleo / trabajo,,,,
219,"5,3%","sus derechos. Un segundo logro: hoy podemos decirlo y demostrarlo, las cifras están ahí a la mano: la economía colombiana está creciendo en un 3,6%, la inflación se ha reducido en 5,3%, un índice no visto desde hace tiempo y la tasa de des- empleo disminuyó 8,2%, una de las más bajas en la historia reciente del país. Esto sencillamente demuestra que cuando se fo",Empleo / trabajo,,,,
219,"8,2%","están ahí a la mano: la economía colombiana está creciendo en un 3,6%, la inflación se ha reducido en 5,3%, un índice no visto desde hace tiempo y la tasa de des- empleo disminuyó 8,2%, una de las más bajas en la historia reciente del país. Esto sencillamente demuestra que cuando se fortalece el ingreso de la gente se fortalece el mercado interno, la producción",Empleo / trabajo,,,,
220,80%,"iere tener agua potable, apta pa- ra el consumo humano para todos los municipios, porque el agua es un derecho fundamental y la base de la vida. Hoy debemos decir con tristeza que 80% de los municipios del país no cuentan con agua potable. Esto es un crimen, realmente, en un país que tiene tanta riqueza hídrica como Colombia y vamos a acabar con eso. Haremos to",Paz / seguridad,,,,
220,45%,"s los municipios del país, priorizando fuentes de energía alternativa y limpia, que lleven desarrollo sin destruir el territo- rio y que permitan cerrar brechas históricas. Hoy el 45% de los municipios del país tienen severos problemas de suministro de energía eléctrica. 3. Vamos a hacer todos los esfuerzos para que los municipios del país y los territorios ten",General / otro,,,,
226,23 %,"transformaciones reales que ya están cambiando la vida de millones de personas y hogares colombianos. Un logro histórico, profundamente humano, el aumento del salario mínimo en un 23 %, que hoy podemos llamar con justicia salario vital. Durante décadas intentaron convencernos que era imposible, que mejorar los ingresos de los trabajadores y de las trabajadoras p",Vivienda,,,,
226,800.000 personas,"emostrado este Gobierno es que cuando mejora la calidad de vida del pueblo, mejora y se fortalece la economía. Otro logro, bajo nuestro Gobierno, compañeras y compañeros: más de 2’800.000 personas han salido de la pobreza monetaria y 420.000 de la po- breza extrema. La desigualdad también se redujo de manera histórica. Son logros, no son palabras ni promesas. En salud que t",Salud,,,,
226,7.5 millones de,"Son logros, no son palabras ni promesas. En salud que tanto dicen y critican la política en materia de salud. Se des- plegaron 10.000 equipos básicos de atención que hoy llegan a 7.5 millones de hogares y se fortaleció la infraestructura hospitalaria con más de 1.300 proyectos. Pero eso, claro que no es suficiente. Requerimos una reforma a la salud que deje de convertir la",Salud,,,,
227,75%,"2026-2030 llegado a 270.000 de ellas ya entregadas a familias campesinas. Se han for- malizado 1’800.000 hectáreas, superando en 75% al gobierno anterior. Se crearon 17 zonas de reserva campesina y reconocieron los primeros terri- torios campesinos agroalimentarios. El campesinado en este Gobierno es por primer",Reforma agraria / tierra,,,,
227,80%,"del país. 2. Vamos a buscar resolver los problemas en materia de consumo y acceso a la energía eléctrica, priorizando fuentes de energía alternativa y limpia. No es posible que el 80% de los municipios rurales del país no tengan agua potable. No es posible que 45% de los municipios del país sigan te- niendo problema de energía eléctrica. 3. Vamos a avanzar al m",Reforma agraria / tierra,,,,
227,45%,"a la energía eléctrica, priorizando fuentes de energía alternativa y limpia. No es posible que el 80% de los municipios rurales del país no tengan agua potable. No es posible que 45% de los municipios del país sigan te- niendo problema de energía eléctrica. 3. Vamos a avanzar al máximo en construir vías terciarias, vías fluviales, vías aéreas para conectar a l",Reforma agraria / tierra,,,,
255,23%,"o en condenar con furia el aumento del salario mínimo para los trabajadores y trabajadoras, hoy convertido, gra- cias a nuestro gobierno, en un salario vital con un incremento del 23%. La austeridad siempre ha sido para el pueblo, nunca para ellos. | 253 |",General / otro,,,,
262,23%,"idades afro, la riqueza que producen los trabajadores y las trabajadoras. Este gobierno convirtió el salario mínimo en salario vital con un aumento sos- tenido que este año es del 23%; este gobierno le redujo, por fin, el salario a los congresistas; este gobierno ha sacado de la pobreza a más de dos millones de personas, ha entregado cientos de miles de hectáre",Pobreza / inclusion,,,,
268,71.000 personas,"ar y defender los peores crímenes que se cometen en el mundo. Niegan lo evidente: que en Gaza se ha perpetrado un genocidio contra el pueblo palestino, que ha cobra- do la vida de 71.000 personas, entre ellas 20.000 niñas y niños. No es casual, entonces, que miren con simpatía la violencia cotidiana contra migrantes y ciudadanos en las calles de los Estados Unidos. Celebra",General / otro,,,,
276,50%,"tenemos grandes ecosistemas diversos que conver- gen y generan mayor diversidad, sistemas como la Amazonía, el Chocó bio- geográfico, la Orinoquía, el Caribe seco; tenemos más de 50% de los páramos de todo el planeta y extensas selvas húmedas tropicales; somos uno de los países con mayor número de aves, plantas, anfibios, reptiles y mariposas. Por eso Colombia",General / otro,,,,
290,700.000 personas,"del país, aumentando el daño a los derechos de millones de personas. 5. El conjunto de estos hechos configura también una grave violación de los derechos políticos de los más de 2’700.000 personas que votaron en nuestra consulta el 26 de octubre de 2025. Lo que está ocurriendo constituye una operación antidemocrática, sin prece- dentes, en la historia reciente del país. Se",General / otro,,,,
300,3 millones de,"tica más poderosa e influyente en el país. No sólo no han podido evitar que hiciéramos la consulta el 26 de octubre de 2025, sino que además logramos llevar a las urnas a cerca de 3 millones de | 298 |",General / otro,,,,
301,2030 personas,"2026-2030 personas, en un éxito contundente, y en una elección que no tiene preceden- tes en la historia del país, al elegirme como candidato presidencial y al elegir de manera paritaria, las mujere",Mujer / genero,,,,
301,40%,"y segunda vueltas, el Pacto apa- rece como el partido político con el que se identifican más colombianos, y el presidente Gustavo Petro con una imagen favorable por el encima del 40%. Han fracasado, sus trampas y jugadas sucias no han podido frustrar nuestro camino ascendente. Para mayor tristeza de los adversarios, en una gestión que sin lugar a duda es un ac",General / otro,,,,
309,40%,"s sociales. Pero tampoco nada de eso les ha salido bien. En todas las encuestas practicadas hasta hoy el presidente Gustavo Pe- tro aparece con una imagen favorable por encima del 40%. La realidad es que la gente del común quiere y respalda al Presidente, al go- bierno, a los cambios sociales que se han logrado, y que está dispuesta a defenderlos con la moviliz",General / otro,,,,
314,1. Millones de,"acción política como fuerzas democráti- cas y progresistas en el Congreso. Gracias a esa labor en estos años hemos conseguido algunas transformaciones reales, menciono solo cinco: 1. Millones de adultos mayores que nunca habían recibido una pensión hoy reciben cerca de 240.000 pesos mensuales gracias a la reforma pensional. 2. La reforma laboral y la política de salario vi",Empleo / trabajo,,,,
322,80%,"con agua potable, con acceso a agua potable, con saneamien- to básico, no más ciudad en las cuales hay agua potable para una mínima parte de la población. En Colombia hoy tenemos 80% de los municipios sin agua potable. | 320 |",Medio ambiente,,,,
329,90%,"rsal a la tierra productiva de las familias afrodescendiente en Colombia. Es ahora, no después ni mañana que debemos fomentar la agroindustria para enfrentar el déficit de más del 90% de la población afrodescendiente que no vive en los territorios de titulación colectiva, sino en las grandes ciudades y que no cuenta siquiera con un metro de tierra para cultivar",Reforma agraria / tierra,,,,
339,23%,"se tenga historia en este país, ha suspendido el au- mento salarial que permite que lo que antes se llamaba salario mínimo hoy haya pasado a ser salario vital, con un aumento del 23%. Quiero decir, frente a esa medida arbitraria, que no solamente la rechazamos con toda firmeza por su arbitrariedad, sino que además haremos todo lo ne- cesario mediante la movili",General / otro,,,,
348,"25,9%","enes en Paz y el Servicio Social para la Paz para cortar el reclutamiento con presu- puesto, intervención y evaluación. En Quibdó, con 1.857 beneficiarios, el homicidio se redujo -25,9%; y en San Andrés de Tumaco, con 1.127 jóvenes vinculados, bajó -34%. Vamos a cerrar esa puerta con dos llaves: educación y empleo, y daremos tratamiento tri- butario preferencial",Empleo / trabajo,,,,
348,34%,"nto con presu- puesto, intervención y evaluación. En Quibdó, con 1.857 beneficiarios, el homicidio se redujo -25,9%; y en San Andrés de Tumaco, con 1.127 jóvenes vinculados, bajó -34%. Vamos a cerrar esa puerta con dos llaves: educación y empleo, y daremos tratamiento tri- butario preferencial a las empresas que contraten jóvenes certificados: dar empleo a un j",Empleo / trabajo,,,,
349,30 %,"ueños de tiendas, e incluso a los vendedores informales. Hoy es un delito digital, facilitado por celulares en cárceles y por el anonimato de la banca virtual, y su incremento del 30 % exige una respuesta distinta, debemos diseñar respuestas tecnológicas, rápidas y efectivas para la protec- ción de los comerciantes y pequeños propietarios. Acción 5. Golpear el b",General / otro,,,,
355,9%,"onómica y Social para la equidad de género La desigualdad económica es un obstáculo estructural para los derechos de las mujeres, las mujeres presentan mayores tasas de desempleo, 9% con re- lación a 5% de los hombres, la informalidad laboral, la desigualdad salarial, las condiciones diferenciadas del ejercicio del trabajo tanto en lo urbano como en lo rural r",Empleo / trabajo,,,,
355,5%,"a la equidad de género La desigualdad económica es un obstáculo estructural para los derechos de las mujeres, las mujeres presentan mayores tasas de desempleo, 9% con re- lación a 5% de los hombres, la informalidad laboral, la desigualdad salarial, las condiciones diferenciadas del ejercicio del trabajo tanto en lo urbano como en lo rural requieren la atención",Empleo / trabajo,,,,
362,100 billones de pesos,"ma General de Regalías fue concebido para resarcir daños, fortalecer la autonomía territorial y garantizar inversión estratégica. Dicho sistema entre 2012 y 2023 distribuyó más de 100 billones de pesos y entre el 2025 y el 2026 tiene previsto sumar otros 30 billones de pesos más. Digámoslo claramente y fuerte: el saqueo de las regalías es uno de los robos a gran escala más cuant",General / otro,,,,
362,30 billones de pesos,"onomía territorial y garantizar inversión estratégica. Dicho sistema entre 2012 y 2023 distribuyó más de 100 billones de pesos y entre el 2025 y el 2026 tiene previsto sumar otros 30 billones de pesos más. Digámoslo claramente y fuerte: el saqueo de las regalías es uno de los robos a gran escala más cuantiosos que se están cometiendo en el país y, por lo tanto, un gobierno prog",General / otro,,,,
362,10 billones de pesos,"tiendo en el país y, por lo tanto, un gobierno progresista debe hacer frente al robo que se está haciendo de las regalías. La Contraloría reportó que solo entre 2018 y 2021 más de 10 billones de pesos estuvieron asociados a hallazgos administrativos, fiscales o disciplinarios y por su parte el Departamento Nacional de Planeación, DNP, señaló miles de proyectos con irregularidad",Economia / fiscal,,,,
362,85%,"iscales o disciplinarios y por su parte el Departamento Nacional de Planeación, DNP, señaló miles de proyectos con irregularidades, obras reportadas como terminadas sin superar el 85% de avance físico, proyectos sin actas de cierre y recursos en riesgo que ascienden a cerca de 12 billones de pesos, lo cual sería un alivio fundamental al déficit fiscal que padec",Economia / fiscal,,,,
362,12 billones de pesos,"de proyectos con irregularidades, obras reportadas como terminadas sin superar el 85% de avance físico, proyectos sin actas de cierre y recursos en riesgo que ascienden a cerca de 12 billones de pesos, lo cual sería un alivio fundamental al déficit fiscal que padece el país en este momento. No estamos ante errores fortuitos. Estamos ante una estructura de captura institucional.",Economia / fiscal,,,,
362,57%,"sabe, el departamento del Meta posee una enorme riqueza petrole- ra, y al tiempo tiene una enorme deuda social. El Meta es hoy el corazón petrolero de Colombia. Produce cerca del 57% del petróleo nacional, alrededor de 488 mil barriles diarios y entre 2023 y 2024 recibió más de 2,5 billones de pesos por concepto de regalías. Sin embargo, esa riqueza no se refl",Economia / fiscal,,,,
362,"2,5 billones de pesos","euda social. El Meta es hoy el corazón petrolero de Colombia. Produce cerca del 57% del petróleo nacional, alrededor de 488 mil barriles diarios y entre 2023 y 2024 recibió más de 2,5 billones de pesos por concepto de regalías. Sin embargo, esa riqueza no se refleja en bienestar ni en justicia social en el departamento. Puerto Gaitán es uno de los municipios del país que el año",General / otro,,,,
362,23 billones,"tán es uno de los municipios del país que el año pasado, concentró el mayor número de alertas de la Contraloría en materia de proyectos. La Contraloría advirtió que, pese a más de 23 billones invertidos en la región de los Llanos entre 2012 y 2025, el desarrollo no corresponde a la magnitud de los recursos. Además, en el diagnóstico nacional de “elefantes blancos” se id",General / otro,,,,
363,63 mil millones de pesos,"recientes más escandalosos es el adelantado por el ex gober- nador Juan Guillermo Zuluaga del sistema de purificación de agua en Puerto Gaitán, con posibles pérdidas superiores a 63 mil millones de pesos, donde los equipos no cumplieron su función y los niños se quedaron esperando el agua potable para sus colegios y labores. Lastimosamente y debemos decirlo con claridad, debido a",Educacion,,,,
373,10 billones de pesos,"ello Implementaremos a cabalidad el CONPES de soluciones duraderas recién aprobado por el Gobierno y por nuestro compañero presidente Gusta- vo Petro que estipula inversiones por 10 billones de pesos en los próximos diez años para garantizar el retorno al país voluntario, seguro y digno. Mi campaña tiene como definición esencial el Poder de la Verdad. Mi gobier- no será cohere",Economia / fiscal,,,,
414,30%,"tos, de los tratamien- tos curativos, pero también de la prevención. A pesar de que hemos tenido avances, hay que decirlo, sigue habiendo pobre- za en Colombia y en el Caquetá. El 30% de los municipios de este departa- mento todavía no tienen acceso al agua potable, lo cual es inadmisible en un departamento con semejante riqueza hídrica. Hay un estado crítico d",Medio ambiente,,,,
426,30%,"ón, ratifi- camos el Acuerdo de Escazú, sacamos adelante la Ley de humedales también de autoría de nuestro proyecto político, una deuda histórica para la protec- ción de cerca del 30% de nuestro territorio nacional, reconocimos a los ani- males como sujetos de atención en el Sistema Nacional de Gestión del Riesgo de Desastres a través de nuestra ley de Rescate",Economia / fiscal,,,,
426,2%,"io nacional, reconocimos a los ani- males como sujetos de atención en el Sistema Nacional de Gestión del Riesgo de Desastres a través de nuestra ley de Rescate Animal, pasamos del 2% al 15% en la participación de energías limpias en la matriz de generación eléctri- ca. Pero nos falta mucho por hacer. Queremos ahora consolidar un PACTO POR LA VIDA, que deje de",General / otro,,,,
426,15%,"ional, reconocimos a los ani- males como sujetos de atención en el Sistema Nacional de Gestión del Riesgo de Desastres a través de nuestra ley de Rescate Animal, pasamos del 2% al 15% en la participación de energías limpias en la matriz de generación eléctri- ca. Pero nos falta mucho por hacer. Queremos ahora consolidar un PACTO POR LA VIDA, que deje de lado la",General / otro,,,,
426,51%,ión de la transición energética: acelerar la incorporación de energías renovables no convencionales y dinamizar las economías verdes. Cumplir y superar el compromiso de reducir en 51% las emisiones de gases efecto invernadero al 2030. • El control y disminución de la ganadería extensiva y su sustitución por mo- delos sostenibles como la ganadería silvopastoril.,General / otro,,,,
430,6 billones de pesos,"ión, del robo de las regalías, promovido por los clanes políticos que vamos a derrotar. A pesar de recibir cuantiosas regalías, en esta última etapa desde el 2012 se han entregado 6 billones de pesos a La Guajira, ¿dónde están esos billones de pesos? ¿Cuántas obras se han entregado, cuántas carreteras, cuántos acue- ductos? o ¿se los han robado? Esta tierra dotada de inmensa p",Reforma agraria / tierra,,,,
431,2 billones de pesos,"táreas han sido entregadas y más de 17.000 han sido tituladas, para que la gente pueda recuperar las tierras que le fueron despojadas. Aquí nuestro Gobierno invirtió efectivamente 2 billones de pesos para crear la primera facultad pública de Medicina en la Universidad de La Guajira en Uribia. Aquí en La Guajira estamos invirtiendo para dotar el sistema hospitalario con los rec",Salud,,,,
